id;media_type;file_name;file_extension;media_title;media_description;publico;repo_name;repo_uuid;repo_folder;repo_path;thumbnail;width;height;data_registro;data_exclusao;tamanho_bytes
1;integrate wireless;Tenge Algodão marrom;Marino;technologies açafrão;monetize complexity púrpura;false;deliverables;Sabonete;Bahia;didactic Corporate Internal;true;60722;20667;2023-07-27T23:12:42;2023-07-27T06:48:49;30218
2;Ergonômico;Plástico Chade utilize;interfaces;solution Account;Consultant connect orchestration;false;bluetooth Haiti;unleash;quantifying Bacon;Polônia Metrics application;false;59477;87362;2023-07-27T15:00:36;2023-07-27T22:29:48;32735
3;cross-platform Industrial;indexing;Sergipe preto;Loan HDD Algodão;Federal;false;Ceará;object-oriented Total;Fresco;microchip Uzbequistão;false;86422;24912;2023-07-27T19:26:03;2023-07-27T07:12:49;34367
4;benchmark sensor withdrawal;communities Eletrônicos;Automotivo;Facilitator Rio;púrpura;false;Forward proactive azul;Polônia Web Sapatos;bus Alameda Congelado;Lustroso generating;true;26506;29513;2023-07-27T20:11:17;2023-07-27T07:21:35;17705
5;connecting;application Alagoas;Rodovia SMS Malásia;bypass;Liaison digital Niue;true;Congelado limão;Marginal;portals open-source;Innovative Atum invoice;false;92523;67776;2023-07-27T01:13:59;2023-07-27T14:33:08;70537
6;Jóias Jogos driver;azul Camiseta;Gostoso Specialist;Pequeno;online;false;Buckinghamshire;grow;neural Tocantins;best-of-breed;true;40784;50622;2023-07-27T14:38:54;2023-07-27T00:26:04;83224
7;haptic Marginal directional;Program supply-chains;Avon Configurable;Optimization;bluetooth;true;invoice Self-enabling;intelligence;data-warehouse navigating;Bacon;false;28180;84377;2023-07-27T03:30:19;2023-07-27T08:35:23;46588
8;Checking system;SDD Sabonete;índigo Congelado vertical;Santa Legacy visualize;Configurable Human à;true;Rua Optional Cross-platform;bypass;Direct holistic;transmitter;false;60431;72764;2023-07-27T17:04:47;2023-07-27T14:05:08;68429
9;auxiliary;override interface;Assurance Piauí;Avenida;Refinado;true;streamline circuit Rodovia;Director microchip JSON;Nuevo Lari;multi-byte;true;85296;84238;2023-07-27T21:27:55;2023-07-27T04:39:34;2979
10;challenge invoice tangible;Papua-Nova;static;scale Investment Account;cross-media Global;false;Lilangeni;web-enabled;Pequeno Jóias;rich;true;28985;77143;2023-07-27T12:18:07;2023-07-27T23:22:12;21244
